Column1;Column2
Text;Label
The impact of educational reforms remains uncertain despite extensive research.;positive
Critics argue that recent improvements in the school system are merely superficial.;negative
Innovative teaching methods have led to unexpected challenges for both students and teachers.;positive
Despite budget constraints, the school has managed to maintain a high level of academic excellence.;positive
The true effectiveness of online learning platforms is still a matter of debate among educators.;negative
The role of standardized testing in education remains a contentious issue.;positive
School curricula should focus more on practical skills and less on theoretical knowledge.;positive
Educational technology has the potential to revolutionize learning, but it also poses risks.;positive
Charter schools offer alternatives to traditional education, but their effectiveness is debated.;positive
Teacher tenure policies aim to protect educators, but they also hinder accountability.;positive
Special education programs strive to support diverse learners, but funding often falls short.;positive
Early childhood education lays the foundation for lifelong learning, yet it faces funding challenges.;positive
Higher education should prioritize critical thinking skills over rote memorization.;positive
Online learning platforms provide flexibility, but they lack the personal interaction of traditional classrooms.;positive
Education funding disparities perpetuate inequalities in access and opportunity.;positive
Standardized curricula limit teachers' creativity and flexibility in the classroom.;negative
The emphasis on testing leads to a narrow focus on exam preparation at the expense of holistic learning.;negative
Privatization efforts in education prioritize profit over student well-being.;negative
Resource allocation in schools often favors affluent communities over marginalized ones.;negative
Educational policies fail to address the diverse needs of students from different backgrounds.;negative
Charter schools divert resources from public education and exacerbate inequalities.;negative
Teacher evaluations based on student test scores undermine the profession's integrity.;negative
The reliance on technology in education leads to increased screen time and decreased social interaction.;negative
Education reform efforts often neglect input from educators and students.;negative
Budget cuts in education result in larger class sizes and fewer resources for students.;negative
Standardized testing perpetuates a culture of competition rather than collaboration.;positive
Educators should receive more support and recognition for their crucial role in society.;positive
Critical thinking skills are essential for navigating today's complex world.;positive
Project-based learning fosters creativity and engagement among students.;positive
Access to quality education should be a universal right, not a privilege.;positive
Education policies should be informed by research and best practices.;positive
Teacher diversity is important for promoting inclusivity and cultural competence.;positive
Education should empower students to become lifelong learners and critical thinkers.;positive
Standardized tests fail to capture the full range of students' abilities and potential.;negative
Educational standards should be flexible to accommodate diverse learning styles.;negative
The focus on standardized testing narrows the curriculum and stifles creativity.;negative
Privatization of education leads to disparities in access and quality.;negative
Underfunded schools struggle to provide adequate resources and support for students.;negative
Educational technology can be isolating and impersonal, hindering meaningful connections.;negative
Public education should be funded adequately to ensure equity and excellence.;negative
Standardized testing perpetuates inequities by favoring students from privileged backgrounds.;negative
Educational initiatives often prioritize short-term gains over long-term sustainability.;positive
Teacher training programs should focus more on practical classroom strategies.;positive
Parental involvement is crucial for student success and academic achievement.;positive
Project-based learning encourages collaboration and problem-solving skills.;positive
Education should emphasize global citizenship and cultural awareness.;positive
Standardized tests create unnecessary stress and anxiety for students.;negative
Educational policies should be responsive to the needs and aspirations of diverse communities.;negative
Charter schools drain resources from public education and exacerbate segregation.;negative
Educational inequities persist despite efforts to bridge the gap.;negative
Online education offers flexibility but lacks the social interaction of traditional classrooms.;negative
Teacher evaluation systems should incorporate multiple measures of effectiveness.;negative
Privatization of education leads to disparities in access and quality.;negative
Access to quality education should be a universal right, not a privilege.;positive
The role of standardized testing in education remains a contentious issue.;positive
Educational initiatives often prioritize short-term gains over long-term sustainability.;positive
Charter schools offer alternatives to traditional education, but their effectiveness is debated.;positive
Critical thinking skills are essential for navigating today's complex world.;positive
Critics argue that recent improvements in the school system are merely superficial.;negative
Education reform efforts often neglect input from educators and students.;negative
Teacher diversity is important for promoting inclusivity and cultural competence.;positive
School curricula should focus more on practical skills and less on theoretical knowledge.;positive
Teacher tenure policies aim to protect educators, but they also hinder accountability.;positive
Innovative teaching methods have led to unexpected challenges for both students and teachers.;positive
Teacher evaluations based on student test scores undermine the profession's integrity.;negative
Education funding disparities perpetuate inequalities in access and opportunity.;positive
Teacher tenure policies aim to protect educators, but they also hinder accountability.;positive
Online learning platforms provide flexibility, but they lack the personal interaction of traditional classrooms.;positive
Education should empower students to become lifelong learners and critical thinkers.;positive
Project-based learning fosters creativity and engagement among students.;positive
Educational technology has the potential to revolutionize learning, but it also poses risks.;positive
School curricula should focus more on practical skills and less on theoretical knowledge.;positive
Budget cuts in education result in larger class sizes and fewer resources for students.;negative
The focus on standardized testing narrows the curriculum and stifles creativity.;negative
Education should emphasize global citizenship and cultural awareness.;positive
Critics argue that recent improvements in the school system are merely superficial.;negative
The emphasis on testing leads to a narrow focus on exam preparation at the expense of holistic learning.;negative
The focus on standardized testing narrows the curriculum and stifles creativity.;negative
The focus on standardized testing narrows the curriculum and stifles creativity.;negative
Underfunded schools struggle to provide adequate resources and support for students.;negative
Educational initiatives often prioritize short-term gains over long-term sustainability.;positive
Educational inequities persist despite efforts to bridge the gap.;negative
Teacher evaluations based on student test scores undermine the profession's integrity.;negative
The role of standardized testing in education remains a contentious issue.;positive
The true effectiveness of online learning platforms is still a matter of debate among educators.;negative
The impact of educational reforms remains uncertain despite extensive research.;positive
Project-based learning fosters creativity and engagement among students.;positive
Special education programs strive to support diverse learners, but funding often falls short.;positive
Project-based learning encourages collaboration and problem-solving skills.;positive
Higher education should prioritize critical thinking skills over rote memorization.;positive
Educational technology can be isolating and impersonal, hindering meaningful connections.;negative
Education reform efforts often neglect input from educators and students.;negative
Educational policies should be responsive to the needs and aspirations of diverse communities.;negative
Charter schools offer alternatives to traditional education, but their effectiveness is debated.;positive
Teacher evaluations based on student test scores undermine the profession's integrity.;negative
Privatization efforts in education prioritize profit over student well-being.;negative
The true effectiveness of online learning platforms is still a matter of debate among educators.;negative
Special education programs strive to support diverse learners, but funding often falls short.;positive
Teacher tenure policies aim to protect educators, but they also hinder accountability.;positive
Parental involvement is crucial for student success and academic achievement.;positive
Educational policies should be responsive to the needs and aspirations of diverse communities.;negative
The true effectiveness of online learning platforms is still a matter of debate among educators.;negative
Charter schools drain resources from public education and exacerbate segregation.;negative
Educational technology can be isolating and impersonal, hindering meaningful connections.;negative
Teacher tenure policies aim to protect educators, but they also hinder accountability.;positive
Charter schools divert resources from public education and exacerbate inequalities.;negative
Budget cuts in education result in larger class sizes and fewer resources for students.;negative
Educational policies should be responsive to the needs and aspirations of diverse communities.;negative
Educational technology has the potential to revolutionize learning, but it also poses risks.;positive
Charter schools offer alternatives to traditional education, but their effectiveness is debated.;positive
Education should empower students to become lifelong learners and critical thinkers.;positive
Innovative teaching methods have led to unexpected challenges for both students and teachers.;positive
Education should empower students to become lifelong learners and critical thinkers.;positive
Standardized testing perpetuates a culture of competition rather than collaboration.;positive
The emphasis on testing leads to a narrow focus on exam preparation at the expense of holistic learning.;negative
Educational policies fail to address the diverse needs of students from different backgrounds.;negative
Educational technology has the potential to revolutionize learning, but it also poses risks.;positive
Standardized testing perpetuates a culture of competition rather than collaboration.;positive
Education should emphasize global citizenship and cultural awareness.;positive
Teacher evaluations based on student test scores undermine the profession's integrity.;negative
Education should empower students to become lifelong learners and critical thinkers.;positive
Teacher tenure policies aim to protect educators, but they also hinder accountability.;positive
Teacher training programs should focus more on practical classroom strategies.;positive
Charter schools divert resources from public education and exacerbate inequalities.;negative
School curricula should focus more on practical skills and less on theoretical knowledge.;positive
Special education programs strive to support diverse learners, but funding often falls short.;positive
Educators should receive more support and recognition for their crucial role in society.;positive
Teacher diversity is important for promoting inclusivity and cultural competence.;positive
Standardized tests fail to capture the full range of students' abilities and potential.;negative
Standardized testing perpetuates a culture of competition rather than collaboration.;positive
The true effectiveness of online learning platforms is still a matter of debate among educators.;negative
Teacher evaluations based on student test scores undermine the profession's integrity.;negative
Education policies should be informed by research and best practices.;positive
Teacher diversity is important for promoting inclusivity and cultural competence.;positive
Teacher tenure policies aim to protect educators, but they also hinder accountability.;positive
Educational policies fail to address the diverse needs of students from different backgrounds.;negative
Educational inequities persist despite efforts to bridge the gap.;negative
Educational technology has the potential to revolutionize learning, but it also poses risks.;positive
Public education should be funded adequately to ensure equity and excellence.;negative
Education policies should be informed by research and best practices.;positive
Early childhood education lays the foundation for lifelong learning, yet it faces funding challenges.;positive
Privatization efforts in education prioritize profit over student well-being.;negative
Underfunded schools struggle to provide adequate resources and support for students.;negative
Charter schools offer alternatives to traditional education, but their effectiveness is debated.;positive
Charter schools drain resources from public education and exacerbate segregation.;negative
Educators should receive more support and recognition for their crucial role in society.;positive
Access to quality education should be a universal right, not a privilege.;positive
Charter schools offer alternatives to traditional education, but their effectiveness is debated.;positive
Privatization efforts in education prioritize profit over student well-being.;negative
Project-based learning encourages collaboration and problem-solving skills.;positive
Innovative teaching methods have led to unexpected challenges for both students and teachers.;positive
Public education should be funded adequately to ensure equity and excellence.;negative
Critics argue that recent improvements in the school system are merely superficial.;negative
Special education programs strive to support diverse learners, but funding often falls short.;positive
Project-based learning fosters creativity and engagement among students.;positive
Teacher evaluation systems should incorporate multiple measures of effectiveness.;negative
The true effectiveness of online learning platforms is still a matter of debate among educators.;negative
Education should emphasize global citizenship and cultural awareness.;positive
Teacher evaluation systems should incorporate multiple measures of effectiveness.;negative
Educational initiatives often prioritize short-term gains over long-term sustainability.;positive
The reliance on technology in education leads to increased screen time and decreased social interaction.;negative
Parental involvement is crucial for student success and academic achievement.;positive
Critical thinking skills are essential for navigating today's complex world.;positive
Standardized tests fail to capture the full range of students' abilities and potential.;negative
Standardized testing perpetuates a culture of competition rather than collaboration.;positive
Online education offers flexibility but lacks the social interaction of traditional classrooms.;negative
Privatization of education leads to disparities in access and quality.;negative
Parental involvement is crucial for student success and academic achievement.;positive
Privatization efforts in education prioritize profit over student well-being.;negative
Standardized testing perpetuates inequities by favoring students from privileged backgrounds.;negative
Critics argue that recent improvements in the school system are merely superficial.;negative
Education should emphasize global citizenship and cultural awareness.;positive
The impact of educational reforms remains uncertain despite extensive research.;positive
The role of standardized testing in education remains a contentious issue.;positive
Critics argue that recent improvements in the school system are merely superficial.;negative
Teacher tenure policies aim to protect educators, but they also hinder accountability.;positive
Educational technology has the potential to revolutionize learning, but it also poses risks.;positive
The reliance on technology in education leads to increased screen time and decreased social interaction.;negative
Teacher tenure policies aim to protect educators, but they also hinder accountability.;positive
Educational initiatives often prioritize short-term gains over long-term sustainability.;positive
Educational policies fail to address the diverse needs of students from different backgrounds.;negative
Standardized curricula limit teachers' creativity and flexibility in the classroom.;negative
Charter schools divert resources from public education and exacerbate inequalities.;negative
The true effectiveness of online learning platforms is still a matter of debate among educators.;negative
Teacher training programs should focus more on practical classroom strategies.;positive
Education should emphasize global citizenship and cultural awareness.;positive
Educational policies fail to address the diverse needs of students from different backgrounds.;negative
Critics argue that recent improvements in the school system are merely superficial.;negative
Educational initiatives often prioritize short-term gains over long-term sustainability.;positive
Standardized curricula limit teachers' creativity and flexibility in the classroom.;negative
Privatization of education leads to disparities in access and quality.;negative
Teacher tenure policies aim to protect educators, but they also hinder accountability.;positive
Educational technology has the potential to revolutionize learning, but it also poses risks.;positive
Standardized tests create unnecessary stress and anxiety for students.;negative
Higher education should prioritize critical thinking skills over rote memorization.;positive
The impact of educational reforms remains uncertain despite extensive research.;positive
Educators should receive more support and recognition for their crucial role in society.;positive
Project-based learning encourages collaboration and problem-solving skills.;positive
Project-based learning encourages collaboration and problem-solving skills.;positive
Standardized testing perpetuates inequities by favoring students from privileged backgrounds.;negative
Online learning platforms provide flexibility, but they lack the personal interaction of traditional classrooms.;positive
Education should empower students to become lifelong learners and critical thinkers.;positive
Teacher diversity is important for promoting inclusivity and cultural competence.;positive
Critical thinking skills are essential for navigating today's complex world.;positive
The focus on standardized testing narrows the curriculum and stifles creativity.;negative
Special education programs strive to support diverse learners, but funding often falls short.;positive
Critical thinking skills are essential for navigating today's complex world.;positive
Education funding disparities perpetuate inequalities in access and opportunity.;positive
Higher education should prioritize critical thinking skills over rote memorization.;positive
Educational technology can be isolating and impersonal, hindering meaningful connections.;negative
Online education offers flexibility but lacks the social interaction of traditional classrooms.;negative
Online learning platforms provide flexibility, but they lack the personal interaction of traditional classrooms.;positive
Critics argue that recent improvements in the school system are merely superficial.;negative
Innovative teaching methods have led to unexpected challenges for both students and teachers.;positive
Educational technology has the potential to revolutionize learning, but it also poses risks.;positive
Critics argue that recent improvements in the school system are merely superficial.;negative
Innovative teaching methods have led to unexpected challenges for both students and teachers.;positive
Charter schools divert resources from public education and exacerbate inequalities.;negative
Educational policies should be responsive to the needs and aspirations of diverse communities.;negative
Educational policies fail to address the diverse needs of students from different backgrounds.;negative
Access to quality education should be a universal right, not a privilege.;positive
Despite budget constraints, the school has managed to maintain a high level of academic excellence.;positive
Educational initiatives often prioritize short-term gains over long-term sustainability.;positive
The reliance on technology in education leads to increased screen time and decreased social interaction.;negative
Educational technology has the potential to revolutionize learning, but it also poses risks.;positive
Charter schools drain resources from public education and exacerbate segregation.;negative
Standardized testing perpetuates inequities by favoring students from privileged backgrounds.;negative
Education should emphasize global citizenship and cultural awareness.;positive
Educational technology has the potential to revolutionize learning, but it also poses risks.;positive
Educational policies should be responsive to the needs and aspirations of diverse communities.;negative
Project-based learning fosters creativity and engagement among students.;positive
Standardized testing perpetuates inequities by favoring students from privileged backgrounds.;negative
Critics argue that recent improvements in the school system are merely superficial.;negative
The true effectiveness of online learning platforms is still a matter of debate among educators.;negative
Online education offers flexibility but lacks the social interaction of traditional classrooms.;negative
Charter schools offer alternatives to traditional education, but their effectiveness is debated.;positive
Standardized tests create unnecessary stress and anxiety for students.;negative
Educational technology can be isolating and impersonal, hindering meaningful connections.;negative
Educational policies fail to address the diverse needs of students from different backgrounds.;negative
The reliance on technology in education leads to increased screen time and decreased social interaction.;negative
Access to quality education should be a universal right, not a privilege.;positive
Underfunded schools struggle to provide adequate resources and support for students.;negative
Standardized testing perpetuates a culture of competition rather than collaboration.;positive
Charter schools drain resources from public education and exacerbate segregation.;negative
Special education programs strive to support diverse learners, but funding often falls short.;positive
Budget cuts in education result in larger class sizes and fewer resources for students.;negative
Teacher training programs should focus more on practical classroom strategies.;positive
Teacher evaluations based on student test scores undermine the profession's integrity.;negative
The reliance on technology in education leads to increased screen time and decreased social interaction.;negative
Critics argue that recent improvements in the school system are merely superficial.;negative
Innovative teaching methods have led to unexpected challenges for both students and teachers.;positive
The impact of educational reforms remains uncertain despite extensive research.;positive
Underfunded schools struggle to provide adequate resources and support for students.;negative
Early childhood education lays the foundation for lifelong learning, yet it faces funding challenges.;positive
Online learning platforms provide flexibility, but they lack the personal interaction of traditional classrooms.;positive
Higher education should prioritize critical thinking skills over rote memorization.;positive
Early childhood education lays the foundation for lifelong learning, yet it faces funding challenges.;positive
Education policies should be informed by research and best practices.;positive
Despite budget constraints, the school has managed to maintain a high level of academic excellence.;positive
Budget cuts in education result in larger class sizes and fewer resources for students.;negative
Access to quality education should be a universal right, not a privilege.;positive
The role of standardized testing in education remains a contentious issue.;positive
School curricula should focus more on practical skills and less on theoretical knowledge.;positive
Public education should be funded adequately to ensure equity and excellence.;negative
Critical thinking skills are essential for navigating today's complex world.;positive
Education should empower students to become lifelong learners and critical thinkers.;positive
Critics argue that recent improvements in the school system are merely superficial.;negative
Education should emphasize global citizenship and cultural awareness.;positive
Early childhood education lays the foundation for lifelong learning, yet it faces funding challenges.;positive
Public education should be funded adequately to ensure equity and excellence.;negative
The reliance on technology in education leads to increased screen time and decreased social interaction.;negative
Early childhood education lays the foundation for lifelong learning, yet it faces funding challenges.;positive
Access to quality education should be a universal right, not a privilege.;positive
Teacher diversity is important for promoting inclusivity and cultural competence.;positive
Standardized tests fail to capture the full range of students' abilities and potential.;negative
Teacher training programs should focus more on practical classroom strategies.;positive
The true effectiveness of online learning platforms is still a matter of debate among educators.;negative
The reliance on technology in education leads to increased screen time and decreased social interaction.;negative
Education should emphasize global citizenship and cultural awareness.;positive
Education reform efforts often neglect input from educators and students.;negative
Critics argue that recent improvements in the school system are merely superficial.;negative
Education funding disparities perpetuate inequalities in access and opportunity.;positive
The role of standardized testing in education remains a contentious issue.;positive
Special education programs strive to support diverse learners, but funding often falls short.;positive
Charter schools offer alternatives to traditional education, but their effectiveness is debated.;positive
Innovative teaching methods have led to unexpected challenges for both students and teachers.;positive
Standardized curricula limit teachers' creativity and flexibility in the classroom.;negative
Online education offers flexibility but lacks the social interaction of traditional classrooms.;negative
Early childhood education lays the foundation for lifelong learning, yet it faces funding challenges.;positive
Educational policies should be responsive to the needs and aspirations of diverse communities.;negative
Educational inequities persist despite efforts to bridge the gap.;negative
Teacher training programs should focus more on practical classroom strategies.;positive
Public education should be funded adequately to ensure equity and excellence.;negative
Resource allocation in schools often favors affluent communities over marginalized ones.;negative
Critical thinking skills are essential for navigating today's complex world.;positive
Access to quality education should be a universal right, not a privilege.;positive
Education should emphasize global citizenship and cultural awareness.;positive
Education funding disparities perpetuate inequalities in access and opportunity.;positive
Teacher diversity is important for promoting inclusivity and cultural competence.;positive
The reliance on technology in education leads to increased screen time and decreased social interaction.;negative
Higher education should prioritize critical thinking skills over rote memorization.;positive
Parental involvement is crucial for student success and academic achievement.;positive
Standardized testing perpetuates a culture of competition rather than collaboration.;positive
Teacher evaluation systems should incorporate multiple measures of effectiveness.;negative
Access to quality education should be a universal right, not a privilege.;positive
Innovative teaching methods have led to unexpected challenges for both students and teachers.;positive
Project-based learning encourages collaboration and problem-solving skills.;positive
Educators should receive more support and recognition for their crucial role in society.;positive
Higher education should prioritize critical thinking skills over rote memorization.;positive
Teacher diversity is important for promoting inclusivity and cultural competence.;positive
Resource allocation in schools often favors affluent communities over marginalized ones.;negative
Teacher evaluation systems should incorporate multiple measures of effectiveness.;negative
Educational standards should be flexible to accommodate diverse learning styles.;negative
Educational technology can be isolating and impersonal, hindering meaningful connections.;negative
Charter schools offer alternatives to traditional education, but their effectiveness is debated.;positive
Standardized tests fail to capture the full range of students' abilities and potential.;negative
The true effectiveness of online learning platforms is still a matter of debate among educators.;negative
Education policies should be informed by research and best practices.;positive
Teacher tenure policies aim to protect educators, but they also hinder accountability.;positive
Education should emphasize global citizenship and cultural awareness.;positive
Privatization of education leads to disparities in access and quality.;negative
The reliance on technology in education leads to increased screen time and decreased social interaction.;negative
Educators should receive more support and recognition for their crucial role in society.;positive
Privatization efforts in education prioritize profit over student well-being.;negative
Teacher evaluation systems should incorporate multiple measures of effectiveness.;negative
School curricula should focus more on practical skills and less on theoretical knowledge.;positive
Special education programs strive to support diverse learners, but funding often falls short.;positive
Teacher tenure policies aim to protect educators, but they also hinder accountability.;positive
Public education should be funded adequately to ensure equity and excellence.;negative
Access to quality education should be a universal right, not a privilege.;positive
The focus on standardized testing narrows the curriculum and stifles creativity.;negative
Online learning platforms provide flexibility, but they lack the personal interaction of traditional classrooms.;positive
Critics argue that recent improvements in the school system are merely superficial.;negative
Charter schools drain resources from public education and exacerbate segregation.;negative
Education should empower students to become lifelong learners and critical thinkers.;positive
Underfunded schools struggle to provide adequate resources and support for students.;negative
Parental involvement is crucial for student success and academic achievement.;positive
Privatization of education leads to disparities in access and quality.;negative
The emphasis on testing leads to a narrow focus on exam preparation at the expense of holistic learning.;negative
Educational standards should be flexible to accommodate diverse learning styles.;negative
The impact of educational reforms remains uncertain despite extensive research.;positive
Privatization efforts in education prioritize profit over student well-being.;negative
Teacher tenure policies aim to protect educators, but they also hinder accountability.;positive
Innovative teaching methods have led to unexpected challenges for both students and teachers.;positive
The role of standardized testing in education remains a contentious issue.;positive
Teacher diversity is important for promoting inclusivity and cultural competence.;positive
Educational policies should be responsive to the needs and aspirations of diverse communities.;negative
Privatization efforts in education prioritize profit over student well-being.;negative
Charter schools drain resources from public education and exacerbate segregation.;negative
Teacher tenure policies aim to protect educators, but they also hinder accountability.;positive
Educational inequities persist despite efforts to bridge the gap.;negative
Access to quality education should be a universal right, not a privilege.;positive
Budget cuts in education result in larger class sizes and fewer resources for students.;negative
Critical thinking skills are essential for navigating today's complex world.;positive
Standardized testing perpetuates inequities by favoring students from privileged backgrounds.;negative
Teacher training programs should focus more on practical classroom strategies.;positive
Education reform efforts often neglect input from educators and students.;negative
Educational policies should be responsive to the needs and aspirations of diverse communities.;negative
Charter schools drain resources from public education and exacerbate segregation.;negative
Critical thinking skills are essential for navigating today's complex world.;positive
Project-based learning fosters creativity and engagement among students.;positive
Teacher training programs should focus more on practical classroom strategies.;positive
Teacher evaluation systems should incorporate multiple measures of effectiveness.;negative
Standardized curricula limit teachers' creativity and flexibility in the classroom.;negative
Standardized tests create unnecessary stress and anxiety for students.;negative
School curricula should focus more on practical skills and less on theoretical knowledge.;positive
Resource allocation in schools often favors affluent communities over marginalized ones.;negative
School curricula should focus more on practical skills and less on theoretical knowledge.;positive
Online education offers flexibility but lacks the social interaction of traditional classrooms.;negative
Standardized testing perpetuates a culture of competition rather than collaboration.;positive
Educational policies fail to address the diverse needs of students from different backgrounds.;negative
The reliance on technology in education leads to increased screen time and decreased social interaction.;negative
Public education should be funded adequately to ensure equity and excellence.;negative
Educational initiatives often prioritize short-term gains over long-term sustainability.;positive
Privatization efforts in education prioritize profit over student well-being.;negative
Standardized testing perpetuates a culture of competition rather than collaboration.;positive
Education reform efforts often neglect input from educators and students.;negative
Early childhood education lays the foundation for lifelong learning, yet it faces funding challenges.;positive
Innovative teaching methods have led to unexpected challenges for both students and teachers.;positive
Online education offers flexibility but lacks the social interaction of traditional classrooms.;negative
The emphasis on testing leads to a narrow focus on exam preparation at the expense of holistic learning.;negative
Teacher evaluations based on student test scores undermine the profession's integrity.;negative
The true effectiveness of online learning platforms is still a matter of debate among educators.;negative
Educators should receive more support and recognition for their crucial role in society.;positive
Educational policies should be responsive to the needs and aspirations of diverse communities.;negative
Public education should be funded adequately to ensure equity and excellence.;negative
The true effectiveness of online learning platforms is still a matter of debate among educators.;negative
Charter schools divert resources from public education and exacerbate inequalities.;negative
Educational technology can be isolating and impersonal, hindering meaningful connections.;negative
Educational initiatives often prioritize short-term gains over long-term sustainability.;positive
Innovative teaching methods have led to unexpected challenges for both students and teachers.;positive
Project-based learning fosters creativity and engagement among students.;positive
Online learning platforms provide flexibility, but they lack the personal interaction of traditional classrooms.;positive
Online education offers flexibility but lacks the social interaction of traditional classrooms.;negative
Standardized tests fail to capture the full range of students' abilities and potential.;negative
Educational initiatives often prioritize short-term gains over long-term sustainability.;positive
Standardized testing perpetuates inequities by favoring students from privileged backgrounds.;negative
Budget cuts in education result in larger class sizes and fewer resources for students.;negative
Education should emphasize global citizenship and cultural awareness.;positive
Educational technology has the potential to revolutionize learning, but it also poses risks.;positive
